{
    "$schema": "http://schema.management.azure.com/schemas/2015-01-01/deploymentTemplate.json#",
    "contentVersion": "1.0.0.0",
    "parameters": {
        "factoryName": {
            "type": "string",
            "metadata": "Data Factory name",
            "defaultValue": "team23covidfactory"
        },
        "AzureDataLakeStorage2_accountKey": {
            "type": "secureString",
            "metadata": "Secure string for 'accountKey' of 'AzureDataLakeStorage2'"
        },
        "SqlServer2_connectionString": {
            "type": "secureString",
            "metadata": "Secure string for 'connectionString' of 'SqlServer2'"
        },
        "AzureDataLakeStorage2_properties_typeProperties_url": {
            "type": "string",
            "defaultValue": "https://covid19wqkd2el5cp742.dfs.core.windows.net/"
        }
    },
    "variables": {
        "factoryId": "[concat('Microsoft.DataFactory/factories/', parameters('factoryName'))]"
    },
    "resources": [
        {
            "name": "[concat(parameters('factoryName'), '/datesParquet')]",
            "type": "Microsoft.DataFactory/factories/datasets",
            "apiVersion": "2018-06-01",
            "properties": {
                "linkedServiceName": {
                    "referenceName": "AzureDataLakeStorage4",
                    "type": "LinkedServiceReference"
                },
                "annotations": [],
                "type": "Parquet",
                "typeProperties": {
                    "location": {
                        "type": "AzureBlobFSLocation",
                        "fileName": "dates.parquet",
                        "fileSystem": "odsteam23"
                    },
                    "compressionCodec": "snappy"
                },
                "schema": [
                    {
                        "name": "ID",
                        "type": "INT32"
                    },
                    {
                        "name": "Updated",
                        "type": "DATE"
                    },
                    {
                        "name": "Confirmed",
                        "type": "INT32"
                    },
                    {
                        "name": "Confirmed_Change",
                        "type": "INT32"
                    },
                    {
                        "name": "Latitude",
                        "type": "DECIMAL",
                        "precision": 10,
                        "scale": 5
                    },
                    {
                        "name": "Longitude",
                        "type": "DECIMAL",
                        "precision": 10,
                        "scale": 5
                    },
                    {
                        "name": "ISO2",
                        "type": "UTF8"
                    },
                    {
                        "name": "ISO3",
                        "type": "UTF8"
                    },
                    {
                        "name": "Country_Region",
                        "type": "UTF8"
                    },
                    {
                        "name": "load_time",
                        "type": "INT96"
                    }
                ]
            },
            "dependsOn": []
        },
        {
            "name": "[concat(parameters('factoryName'), '/policyparquet')]",
            "type": "Microsoft.DataFactory/factories/datasets",
            "apiVersion": "2018-06-01",
            "properties": {
                "linkedServiceName": {
                    "referenceName": "AzureDataLakeStorage4",
                    "type": "LinkedServiceReference"
                },
                "annotations": [],
                "type": "Parquet",
                "typeProperties": {
                    "location": {
                        "type": "AzureBlobFSLocation",
                        "fileName": "policy.parquet",
                        "fileSystem": "odsteam23"
                    },
                    "compressionCodec": "snappy"
                },
                "schema": [
                    {
                        "name": "ID",
                        "type": "INT32"
                    },
                    {
                        "name": "Updated",
                        "type": "DATE"
                    },
                    {
                        "name": "Confirmed",
                        "type": "INT32"
                    },
                    {
                        "name": "Confirmed_Change",
                        "type": "INT32"
                    },
                    {
                        "name": "Latitude",
                        "type": "DECIMAL",
                        "precision": 10,
                        "scale": 5
                    },
                    {
                        "name": "Longitude",
                        "type": "DECIMAL",
                        "precision": 10,
                        "scale": 5
                    },
                    {
                        "name": "ISO2",
                        "type": "UTF8"
                    },
                    {
                        "name": "ISO3",
                        "type": "UTF8"
                    },
                    {
                        "name": "Country_Region",
                        "type": "UTF8"
                    },
                    {
                        "name": "load_time",
                        "type": "INT96"
                    }
                ]
            },
            "dependsOn": []
        },
        {
            "name": "[concat(parameters('factoryName'), '/AzureDataLakeStorage2')]",
            "type": "Microsoft.DataFactory/factories/linkedServices",
            "apiVersion": "2018-06-01",
            "properties": {
                "annotations": [],
                "type": "AzureBlobFS",
                "typeProperties": {
                    "url": "[parameters('AzureDataLakeStorage2_properties_typeProperties_url')]",
                    "accountKey": {
                        "type": "SecureString",
                        "value": "[parameters('AzureDataLakeStorage2_accountKey')]"
                    }
                },
                "connectVia": {
                    "referenceName": "integrationRuntime1",
                    "type": "IntegrationRuntimeReference"
                }
            },
            "dependsOn": []
        },
        {
            "name": "[concat(parameters('factoryName'), '/SqlServer2')]",
            "type": "Microsoft.DataFactory/factories/linkedServices",
            "apiVersion": "2018-06-01",
            "properties": {
                "annotations": [],
                "type": "SqlServer",
                "typeProperties": {
                    "connectionString": "[parameters('SqlServer2_connectionString')]"
                },
                "connectVia": {
                    "referenceName": "integrationRuntime1",
                    "type": "IntegrationRuntimeReference"
                }
            },
            "dependsOn": []
        },
        {
            "name": "[concat(parameters('factoryName'), '/AzureSqlCountry')]",
            "type": "Microsoft.DataFactory/factories/pipelines",
            "apiVersion": "2018-06-01",
            "properties": {
                "activities": [
                    {
                        "name": "Azure Country Copy Data",
                        "type": "Copy",
                        "dependsOn": [],
                        "policy": {
                            "timeout": "0.12:00:00",
                            "retry": 0,
                            "retryIntervalInSeconds": 30,
                            "secureOutput": false,
                            "secureInput": false
                        },
                        "userProperties": [],
                        "typeProperties": {
                            "source": {
                                "type": "AzureSqlSource",
                                "queryTimeout": "02:00:00",
                                "partitionOption": "None"
                            },
                            "sink": {
                                "type": "ParquetSink",
                                "storeSettings": {
                                    "type": "AzureBlobFSWriteSettings"
                                },
                                "formatSettings": {
                                    "type": "ParquetWriteSettings"
                                }
                            },
                            "enableStaging": false,
                            "translator": {
                                "type": "TabularTranslator",
                                "typeConversion": true,
                                "typeConversionSettings": {
                                    "allowDataTruncation": true,
                                    "treatBooleanAsNumber": false
                                }
                            }
                        },
                        "inputs": [
                            {
                                "referenceName": "AzureSqlcountrySource",
                                "type": "DatasetReference",
                                "parameters": {}
                            }
                        ],
                        "outputs": [
                            {
                                "referenceName": "AzureSqlCountryParquet",
                                "type": "DatasetReference",
                                "parameters": {}
                            }
                        ]
                    }
                ],
                "policy": {
                    "elapsedTimeMetric": {}
                },
                "annotations": [],
                "lastPublishTime": "2024-04-03T16:27:54Z"
            },
            "dependsOn": []
        },
        {
            "name": "[concat(parameters('factoryName'), '/AzureSqlCovid_Metrics')]",
            "type": "Microsoft.DataFactory/factories/pipelines",
            "apiVersion": "2018-06-01",
            "properties": {
                "activities": [
                    {
                        "name": "Azure Covid_Meterics Copy Data",
                        "type": "Copy",
                        "dependsOn": [],
                        "policy": {
                            "timeout": "0.12:00:00",
                            "retry": 0,
                            "retryIntervalInSeconds": 30,
                            "secureOutput": false,
                            "secureInput": false
                        },
                        "userProperties": [],
                        "typeProperties": {
                            "source": {
                                "type": "AzureSqlSource",
                                "queryTimeout": "02:00:00",
                                "partitionOption": "None"
                            },
                            "sink": {
                                "type": "ParquetSink",
                                "storeSettings": {
                                    "type": "AzureBlobFSWriteSettings"
                                },
                                "formatSettings": {
                                    "type": "ParquetWriteSettings"
                                }
                            },
                            "enableStaging": false,
                            "translator": {
                                "type": "TabularTranslator",
                                "typeConversion": true,
                                "typeConversionSettings": {
                                    "allowDataTruncation": true,
                                    "treatBooleanAsNumber": false
                                }
                            }
                        },
                        "inputs": [
                            {
                                "referenceName": "AzureSqlCovidMetricsSource",
                                "type": "DatasetReference",
                                "parameters": {}
                            }
                        ],
                        "outputs": [
                            {
                                "referenceName": "AzureSqlCovid_MetricsParquet",
                                "type": "DatasetReference",
                                "parameters": {}
                            }
                        ]
                    }
                ],
                "policy": {
                    "elapsedTimeMetric": {}
                },
                "annotations": [],
                "lastPublishTime": "2024-04-02T21:56:21Z"
            },
            "dependsOn": []
        },
        {
            "name": "[concat(parameters('factoryName'), '/AzureSqlDates')]",
            "type": "Microsoft.DataFactory/factories/pipelines",
            "apiVersion": "2018-06-01",
            "properties": {
                "activities": [
                    {
                        "name": "Azure Dates Copy Data",
                        "type": "Copy",
                        "dependsOn": [],
                        "policy": {
                            "timeout": "0.12:00:00",
                            "retry": 0,
                            "retryIntervalInSeconds": 30,
                            "secureOutput": false,
                            "secureInput": false
                        },
                        "userProperties": [],
                        "typeProperties": {
                            "source": {
                                "type": "AzureSqlSource",
                                "queryTimeout": "02:00:00",
                                "partitionOption": "None"
                            },
                            "sink": {
                                "type": "ParquetSink",
                                "storeSettings": {
                                    "type": "AzureBlobFSWriteSettings"
                                },
                                "formatSettings": {
                                    "type": "ParquetWriteSettings"
                                }
                            },
                            "enableStaging": false,
                            "translator": {
                                "type": "TabularTranslator",
                                "typeConversion": true,
                                "typeConversionSettings": {
                                    "allowDataTruncation": true,
                                    "treatBooleanAsNumber": false
                                }
                            }
                        },
                        "inputs": [
                            {
                                "referenceName": "AzureSqlDateSource",
                                "type": "DatasetReference",
                                "parameters": {}
                            }
                        ],
                        "outputs": [
                            {
                                "referenceName": "AzureSqlDateParquet",
                                "type": "DatasetReference",
                                "parameters": {}
                            }
                        ]
                    }
                ],
                "policy": {
                    "elapsedTimeMetric": {}
                },
                "annotations": [],
                "lastPublishTime": "2024-04-02T21:56:21Z"
            },
            "dependsOn": []
        },
        {
            "name": "[concat(parameters('factoryName'), '/CosmosData')]",
            "type": "Microsoft.DataFactory/factories/pipelines",
            "apiVersion": "2018-06-01",
            "properties": {
                "activities": [
                    {
                        "name": "Cosmos Data Copy Data",
                        "type": "Copy",
                        "dependsOn": [],
                        "policy": {
                            "timeout": "0.12:00:00",
                            "retry": 0,
                            "retryIntervalInSeconds": 30,
                            "secureOutput": false,
                            "secureInput": false
                        },
                        "userProperties": [],
                        "typeProperties": {
                            "source": {
                                "type": "CosmosDbSqlApiSource",
                                "preferredRegions": []
                            },
                            "sink": {
                                "type": "ParquetSink",
                                "storeSettings": {
                                    "type": "AzureBlobFSWriteSettings"
                                },
                                "formatSettings": {
                                    "type": "ParquetWriteSettings"
                                }
                            },
                            "enableStaging": false,
                            "translator": {
                                "type": "TabularTranslator",
                                "mappings": [
                                    {
                                        "source": {
                                            "path": "$['CountryName']"
                                        },
                                        "sink": {
                                            "name": "CountryName",
                                            "type": "String"
                                        }
                                    },
                                    {
                                        "source": {
                                            "path": "$['CountryCode']"
                                        },
                                        "sink": {
                                            "name": "CountryCode",
                                            "type": "String"
                                        }
                                    },
                                    {
                                        "source": {
                                            "path": "$['RegionName']"
                                        },
                                        "sink": {
                                            "name": "RegionName",
                                            "type": "String"
                                        }
                                    },
                                    {
                                        "source": {
                                            "path": "$['RegionCode']"
                                        },
                                        "sink": {
                                            "name": "RegionCode",
                                            "type": "String"
                                        }
                                    },
                                    {
                                        "source": {
                                            "path": "$['Jurisdiction']"
                                        },
                                        "sink": {
                                            "name": "Jurisdiction",
                                            "type": "String"
                                        }
                                    },
                                    {
                                        "source": {
                                            "path": "$['Date']"
                                        },
                                        "sink": {
                                            "name": "Date",
                                            "type": "String"
                                        }
                                    },
                                    {
                                        "source": {
                                            "path": "$['C1_School closing']"
                                        },
                                        "sink": {
                                            "name": "C1_School_closing",
                                            "type": "Double"
                                        }
                                    },
                                    {
                                        "source": {
                                            "path": "$['C1_Flag']"
                                        },
                                        "sink": {
                                            "name": "C1_Flag",
                                            "type": "Double"
                                        }
                                    },
                                    {
                                        "source": {
                                            "path": "$['C2_Workplace closing']"
                                        },
                                        "sink": {
                                            "name": "C2_Workplace_closing",
                                            "type": "Double"
                                        }
                                    },
                                    {
                                        "source": {
                                            "path": "$['C2_Flag']"
                                        },
                                        "sink": {
                                            "name": "C2_Flag",
                                            "type": "Double"
                                        }
                                    },
                                    {
                                        "source": {
                                            "path": "$['C3_Cancel public events']"
                                        },
                                        "sink": {
                                            "name": "C3_Cancel_public_events",
                                            "type": "Double"
                                        }
                                    },
                                    {
                                        "source": {
                                            "path": "$['C3_Flag']"
                                        },
                                        "sink": {
                                            "name": "C3_Flag",
                                            "type": "Double"
                                        }
                                    },
                                    {
                                        "source": {
                                            "path": "$['C4_Restrictions on gatherings']"
                                        },
                                        "sink": {
                                            "name": "C4_Restrictions_on_gatherings",
                                            "type": "Double"
                                        }
                                    },
                                    {
                                        "source": {
                                            "path": "$['C4_Flag']"
                                        },
                                        "sink": {
                                            "name": "C4_Flag",
                                            "type": "Double"
                                        }
                                    },
                                    {
                                        "source": {
                                            "path": "$['C5_Close public transport']"
                                        },
                                        "sink": {
                                            "name": "C5_Close_public_transport",
                                            "type": "Double"
                                        }
                                    },
                                    {
                                        "source": {
                                            "path": "$['C5_Flag']"
                                        },
                                        "sink": {
                                            "name": "C5_Flag",
                                            "type": "Double"
                                        }
                                    },
                                    {
                                        "source": {
                                            "path": "$['C6_Stay at home requirements']"
                                        },
                                        "sink": {
                                            "name": "C6_Stay_at_home_requirements",
                                            "type": "Double"
                                        }
                                    },
                                    {
                                        "source": {
                                            "path": "$['C6_Flag']"
                                        },
                                        "sink": {
                                            "name": "C6_Flag",
                                            "type": "Double"
                                        }
                                    },
                                    {
                                        "source": {
                                            "path": "$['C7_Restrictions on internal movement']"
                                        },
                                        "sink": {
                                            "name": "C7_Restrictions_on_internal_movement",
                                            "type": "Double"
                                        }
                                    },
                                    {
                                        "source": {
                                            "path": "$['C7_Flag']"
                                        },
                                        "sink": {
                                            "name": "C7_Flag",
                                            "type": "Double"
                                        }
                                    },
                                    {
                                        "source": {
                                            "path": "$['C8_International travel controls']"
                                        },
                                        "sink": {
                                            "name": "C8_International_travel_controls",
                                            "type": "Double"
                                        }
                                    },
                                    {
                                        "source": {
                                            "path": "$['E1_Income support']"
                                        },
                                        "sink": {
                                            "name": "E1_Income_support",
                                            "type": "Double"
                                        }
                                    },
                                    {
                                        "source": {
                                            "path": "$['E1_Flag']"
                                        },
                                        "sink": {
                                            "name": "E1_Flag",
                                            "type": "Double"
                                        }
                                    },
                                    {
                                        "source": {
                                            "path": "$['E2_Debt contract relief']"
                                        },
                                        "sink": {
                                            "name": "E2_Debt_contract_relief",
                                            "type": "Double"
                                        }
                                    },
                                    {
                                        "source": {
                                            "path": "$['E3_Fiscal measures']"
                                        },
                                        "sink": {
                                            "name": "E3_Fiscal_measures",
                                            "type": "Double"
                                        }
                                    },
                                    {
                                        "source": {
                                            "path": "$['E4_International support']"
                                        },
                                        "sink": {
                                            "name": "E4_International_support",
                                            "type": "Double"
                                        }
                                    },
                                    {
                                        "source": {
                                            "path": "$['H1_Public information campaigns']"
                                        },
                                        "sink": {
                                            "name": "H1_Public_information_campaigns",
                                            "type": "Double"
                                        }
                                    },
                                    {
                                        "source": {
                                            "path": "$['H1_Flag']"
                                        },
                                        "sink": {
                                            "name": "H1_Flag",
                                            "type": "Double"
                                        }
                                    },
                                    {
                                        "source": {
                                            "path": "$['H2_Testing policy']"
                                        },
                                        "sink": {
                                            "name": "H2_Testing_policy",
                                            "type": "Double"
                                        }
                                    },
                                    {
                                        "source": {
                                            "path": "$['H3_Contact tracing']"
                                        },
                                        "sink": {
                                            "name": "H3_Contact_tracing",
                                            "type": "Double"
                                        }
                                    },
                                    {
                                        "source": {
                                            "path": "$['H4_Emergency investment in healthcare']"
                                        },
                                        "sink": {
                                            "name": "H4_Emergency_investment_in_healthcare",
                                            "type": "Double"
                                        }
                                    },
                                    {
                                        "source": {
                                            "path": "$['H5_Investment in vaccines']"
                                        },
                                        "sink": {
                                            "name": "H5_Investment_in_vaccines",
                                            "type": "Double"
                                        }
                                    },
                                    {
                                        "source": {
                                            "path": "$['H6_Facial Coverings']"
                                        },
                                        "sink": {
                                            "name": "H6_Facial_Coverings",
                                            "type": "Double"
                                        }
                                    },
                                    {
                                        "source": {
                                            "path": "$['H6_Flag']"
                                        },
                                        "sink": {
                                            "name": "H6_Flag",
                                            "type": "Double"
                                        }
                                    },
                                    {
                                        "source": {
                                            "path": "$['H7_Vaccination policy']"
                                        },
                                        "sink": {
                                            "name": "H7_Vaccination_policy",
                                            "type": "Double"
                                        }
                                    },
                                    {
                                        "source": {
                                            "path": "$['H7_Flag']"
                                        },
                                        "sink": {
                                            "name": "H7_Flag",
                                            "type": "Double"
                                        }
                                    },
                                    {
                                        "source": {
                                            "path": "$['H8_Protection of elderly people']"
                                        },
                                        "sink": {
                                            "name": "H8_Protection_of_elderly_people",
                                            "type": "Double"
                                        }
                                    },
                                    {
                                        "source": {
                                            "path": "$['H8_Flag']"
                                        },
                                        "sink": {
                                            "name": "H8_Flag",
                                            "type": "Double"
                                        }
                                    },
                                    {
                                        "source": {
                                            "path": "$['M1_Wildcard']"
                                        },
                                        "sink": {
                                            "name": "M1_Wildcard",
                                            "type": "Double"
                                        }
                                    },
                                    {
                                        "source": {
                                            "path": "$['StringencyIndex']"
                                        },
                                        "sink": {
                                            "name": "StringencyIndex",
                                            "type": "Double"
                                        }
                                    },
                                    {
                                        "source": {
                                            "path": "$['StringencyIndexForDisplay']"
                                        },
                                        "sink": {
                                            "name": "StringencyIndexForDisplay",
                                            "type": "Double"
                                        }
                                    },
                                    {
                                        "source": {
                                            "path": "$['StringencyLegacyIndex']"
                                        },
                                        "sink": {
                                            "name": "StringencyLegacyIndex",
                                            "type": "Double"
                                        }
                                    },
                                    {
                                        "source": {
                                            "path": "$['StringencyLegacyIndexForDisplay']"
                                        },
                                        "sink": {
                                            "name": "StringencyLegacyIndexForDisplay",
                                            "type": "Double"
                                        }
                                    },
                                    {
                                        "source": {
                                            "path": "$['GovernmentResponseIndex']"
                                        },
                                        "sink": {
                                            "name": "GovernmentResponseIndex",
                                            "type": "Double"
                                        }
                                    },
                                    {
                                        "source": {
                                            "path": "$['GovernmentResponseIndexForDisplay']"
                                        },
                                        "sink": {
                                            "name": "GovernmentResponseIndexForDisplay",
                                            "type": "Double"
                                        }
                                    },
                                    {
                                        "source": {
                                            "path": "$['ContainmentHealthIndex']"
                                        },
                                        "sink": {
                                            "name": "ContainmentHealthIndex",
                                            "type": "Double"
                                        }
                                    },
                                    {
                                        "source": {
                                            "path": "$['ContainmentHealthIndexForDisplay']"
                                        },
                                        "sink": {
                                            "name": "ContainmentHealthIndexForDisplay",
                                            "type": "Double"
                                        }
                                    },
                                    {
                                        "source": {
                                            "path": "$['EconomicSupportIndex']"
                                        },
                                        "sink": {
                                            "name": "EconomicSupportIndex",
                                            "type": "Double"
                                        }
                                    },
                                    {
                                        "source": {
                                            "path": "$['EconomicSupportIndexForDisplay']"
                                        },
                                        "sink": {
                                            "name": "EconomicSupportIndexForDisplay",
                                            "type": "Double"
                                        }
                                    },
                                    {
                                        "source": {
                                            "path": "$['id']"
                                        },
                                        "sink": {
                                            "name": "id",
                                            "type": "String"
                                        }
                                    }
                                ],
                                "collectionReference": ""
                            }
                        },
                        "inputs": [
                            {
                                "referenceName": "CosmosCOVIDdata",
                                "type": "DatasetReference",
                                "parameters": {}
                            }
                        ],
                        "outputs": [
                            {
                                "referenceName": "CosmosParquet",
                                "type": "DatasetReference",
                                "parameters": {}
                            }
                        ]
                    }
                ],
                "policy": {
                    "elapsedTimeMetric": {}
                },
                "annotations": [],
                "lastPublishTime": "2024-04-02T21:56:21Z"
            },
            "dependsOn": []
        },
        {
            "name": "[concat(parameters('factoryName'), '/SqlServerCountryParquet')]",
            "type": "Microsoft.DataFactory/factories/datasets",
            "apiVersion": "2018-06-01",
            "properties": {
                "linkedServiceName": {
                    "referenceName": "AzureDataLakeStorage2",
                    "type": "LinkedServiceReference"
                },
                "annotations": [],
                "type": "Parquet",
                "typeProperties": {
                    "location": {
                        "type": "AzureBlobFSLocation",
                        "fileName": "dbo.Country.parquet",
                        "fileSystem": "srcsqlserver"
                    },
                    "compressionCodec": "snappy"
                },
                "schema": []
            },
            "dependsOn": [
                "[concat(variables('factoryId'), '/linkedServices/AzureDataLakeStorage2')]"
            ]
        },
        {
            "name": "[concat(parameters('factoryName'), '/SqlServerCountrySource')]",
            "type": "Microsoft.DataFactory/factories/datasets",
            "apiVersion": "2018-06-01",
            "properties": {
                "linkedServiceName": {
                    "referenceName": "SqlServer2",
                    "type": "LinkedServiceReference"
                },
                "annotations": [],
                "type": "SqlServerTable",
                "schema": [],
                "typeProperties": {
                    "schema": "dbo",
                    "table": "Country"
                }
            },
            "dependsOn": [
                "[concat(variables('factoryId'), '/linkedServices/SqlServer2')]"
            ]
        },
        {
            "name": "[concat(parameters('factoryName'), '/SqlServerCovid_MetricsSource')]",
            "type": "Microsoft.DataFactory/factories/datasets",
            "apiVersion": "2018-06-01",
            "properties": {
                "linkedServiceName": {
                    "referenceName": "SqlServer2",
                    "type": "LinkedServiceReference"
                },
                "annotations": [],
                "type": "SqlServerTable",
                "schema": [
                    {
                        "name": "ID",
                        "type": "int",
                        "precision": 10
                    },
                    {
                        "name": "Updated",
                        "type": "date"
                    },
                    {
                        "name": "Confirmed",
                        "type": "int",
                        "precision": 10
                    },
                    {
                        "name": "Confirmed_Change",
                        "type": "int",
                        "precision": 10
                    },
                    {
                        "name": "Deaths",
                        "type": "int",
                        "precision": 10
                    },
                    {
                        "name": "Deaths_Change",
                        "type": "int",
                        "precision": 10
                    },
                    {
                        "name": "Recovered",
                        "type": "int",
                        "precision": 10
                    },
                    {
                        "name": "Recovered_Change",
                        "type": "int",
                        "precision": 10
                    },
                    {
                        "name": "Latitude",
                        "type": "decimal",
                        "precision": 10,
                        "scale": 5
                    },
                    {
                        "name": "Longitude",
                        "type": "decimal",
                        "precision": 10,
                        "scale": 5
                    },
                    {
                        "name": "ISO2",
                        "type": "varchar"
                    },
                    {
                        "name": "ISO3",
                        "type": "varchar"
                    },
                    {
                        "name": "Country_Region",
                        "type": "varchar"
                    },
                    {
                        "name": "load_time",
                        "type": "datetime",
                        "precision": 23,
                        "scale": 3
                    }
                ],
                "typeProperties": {
                    "schema": "dbo",
                    "table": "Covid19_Metrics"
                }
            },
            "dependsOn": [
                "[concat(variables('factoryId'), '/linkedServices/SqlServer2')]"
            ]
        },
        {
            "name": "[concat(parameters('factoryName'), '/SqlServerDateParquet')]",
            "type": "Microsoft.DataFactory/factories/datasets",
            "apiVersion": "2018-06-01",
            "properties": {
                "linkedServiceName": {
                    "referenceName": "AzureDataLakeStorage2",
                    "type": "LinkedServiceReference"
                },
                "annotations": [],
                "type": "Parquet",
                "typeProperties": {
                    "location": {
                        "type": "AzureBlobFSLocation",
                        "fileName": "dbo.Dates.parquet",
                        "fileSystem": "srcsqlserver"
                    },
                    "compressionCodec": "snappy"
                },
                "schema": [
                    {
                        "name": "DateKey",
                        "type": "INT32"
                    },
                    {
                        "name": "FullDate",
                        "type": "DATE"
                    },
                    {
                        "name": "isWeekDay",
                        "type": "BOOLEAN"
                    },
                    {
                        "name": "DayOfWeek",
                        "type": "INT32"
                    },
                    {
                        "name": "DayOfMonth",
                        "type": "INT32"
                    },
                    {
                        "name": "DayOfQuarter",
                        "type": "INT32"
                    },
                    {
                        "name": "DayOfYear",
                        "type": "INT32"
                    },
                    {
                        "name": "DayName",
                        "type": "UTF8"
                    },
                    {
                        "name": "WeekOfYear",
                        "type": "INT32"
                    },
                    {
                        "name": "WeekName",
                        "type": "UTF8"
                    },
                    {
                        "name": "MonthOfYear",
                        "type": "INT32"
                    },
                    {
                        "name": "MonthName",
                        "type": "UTF8"
                    },
                    {
                        "name": "CalendarQuarter",
                        "type": "INT32"
                    },
                    {
                        "name": "CalendarQuarterName",
                        "type": "UTF8"
                    },
                    {
                        "name": "CalendarYear",
                        "type": "INT32"
                    },
                    {
                        "name": "FiscalMonth",
                        "type": "INT32"
                    },
                    {
                        "name": "FiscalMonthName",
                        "type": "UTF8"
                    },
                    {
                        "name": "FiscalQuarter",
                        "type": "INT32"
                    },
                    {
                        "name": "FiscalQuarterName",
                        "type": "UTF8"
                    },
                    {
                        "name": "FiscalYear",
                        "type": "INT32"
                    }
                ]
            },
            "dependsOn": [
                "[concat(variables('factoryId'), '/linkedServices/AzureDataLakeStorage2')]"
            ]
        },
        {
            "name": "[concat(parameters('factoryName'), '/SqlServerDateSource')]",
            "type": "Microsoft.DataFactory/factories/datasets",
            "apiVersion": "2018-06-01",
            "properties": {
                "linkedServiceName": {
                    "referenceName": "SqlServer2",
                    "type": "LinkedServiceReference"
                },
                "annotations": [],
                "type": "SqlServerTable",
                "schema": [
                    {
                        "name": "DateKey",
                        "type": "int",
                        "precision": 10
                    },
                    {
                        "name": "FullDate",
                        "type": "date"
                    },
                    {
                        "name": "isWeekDay",
                        "type": "bit"
                    },
                    {
                        "name": "DayOfWeek",
                        "type": "int",
                        "precision": 10
                    },
                    {
                        "name": "DayOfMonth",
                        "type": "int",
                        "precision": 10
                    },
                    {
                        "name": "DayOfQuarter",
                        "type": "int",
                        "precision": 10
                    },
                    {
                        "name": "DayOfYear",
                        "type": "int",
                        "precision": 10
                    },
                    {
                        "name": "DayName",
                        "type": "varchar"
                    },
                    {
                        "name": "WeekOfYear",
                        "type": "int",
                        "precision": 10
                    },
                    {
                        "name": "WeekName",
                        "type": "varchar"
                    },
                    {
                        "name": "MonthOfYear",
                        "type": "int",
                        "precision": 10
                    },
                    {
                        "name": "MonthName",
                        "type": "varchar"
                    },
                    {
                        "name": "CalendarQuarter",
                        "type": "int",
                        "precision": 10
                    },
                    {
                        "name": "CalendarQuarterName",
                        "type": "varchar"
                    },
                    {
                        "name": "CalendarYear",
                        "type": "int",
                        "precision": 10
                    },
                    {
                        "name": "FiscalMonth",
                        "type": "int",
                        "precision": 10
                    },
                    {
                        "name": "FiscalMonthName",
                        "type": "varchar"
                    },
                    {
                        "name": "FiscalQuarter",
                        "type": "int",
                        "precision": 10
                    },
                    {
                        "name": "FiscalQuarterName",
                        "type": "varchar"
                    },
                    {
                        "name": "FiscalYear",
                        "type": "int",
                        "precision": 10
                    }
                ],
                "typeProperties": {
                    "schema": "dbo",
                    "table": "Dates"
                }
            },
            "dependsOn": [
                "[concat(variables('factoryId'), '/linkedServices/SqlServer2')]"
            ]
        },
        {
            "name": "[concat(parameters('factoryName'), '/CovidMetricsDataflow')]",
            "type": "Microsoft.DataFactory/factories/dataflows",
            "apiVersion": "2018-06-01",
            "properties": {
                "type": "MappingDataFlow",
                "typeProperties": {
                    "sources": [
                        {
                            "dataset": {
                                "referenceName": "AzureSqlCovid_MetricsParquet",
                                "type": "DatasetReference"
                            },
                            "name": "AzureCovidMetrics"
                        },
                        {
                            "dataset": {
                                "referenceName": "SqlServerCovid_MetricsParquet",
                                "type": "DatasetReference"
                            },
                            "name": "SqlCovidMetrics"
                        }
                    ],
                    "sinks": [
                        {
                            "dataset": {
                                "referenceName": "RecoveriesParquet",
                                "type": "DatasetReference"
                            },
                            "name": "Recoveries"
                        },
                        {
                            "dataset": {
                                "referenceName": "CasesParquet",
                                "type": "DatasetReference"
                            },
                            "name": "Cases"
                        },
                        {
                            "dataset": {
                                "referenceName": "DeathsParquet",
                                "type": "DatasetReference"
                            },
                            "name": "Deaths"
                        }
                    ],
                    "transformations": [
                        {
                            "name": "RecoveriesUnion"
                        },
                        {
                            "name": "RecoveriesSelect"
                        },
                        {
                            "name": "CasesUnion"
                        },
                        {
                            "name": "CasesSelect"
                        },
                        {
                            "name": "DeathsUnion"
                        },
                        {
                            "name": "DeathsSelect"
                        },
                        {
                            "name": "SIDdeaths"
                        },
                        {
                            "name": "SIDcases"
                        },
                        {
                            "name": "SIDRecoveries"
                        }
                    ],
                    "scriptLines": [
                        "source(allowSchemaDrift: true,",
                        "     validateSchema: false,",
                        "     ignoreNoFilesFound: false,",
                        "     format: 'parquet') ~> AzureCovidMetrics",
                        "source(output(",
                        "          ID as integer,",
                        "          Updated as date,",
                        "          Confirmed as integer,",
                        "          Confirmed_Change as integer,",
                        "          Deaths as integer,",
                        "          Deaths_Change as integer,",
                        "          Recovered as integer,",
                        "          Recovered_Change as integer,",
                        "          Latitude as decimal(10,5),",
                        "          Longitude as decimal(10,5),",
                        "          ISO2 as string,",
                        "          ISO3 as string,",
                        "          Country_Region as string,",
                        "          load_time as timestamp",
                        "     ),",
                        "     allowSchemaDrift: true,",
                        "     validateSchema: false,",
                        "     ignoreNoFilesFound: false,",
                        "     format: 'parquet') ~> SqlCovidMetrics",
                        "AzureCovidMetrics, SqlCovidMetrics union(byName: true)~> RecoveriesUnion",
                        "RecoveriesUnion select(mapColumn(",
                        "          ID,",
                        "          Updated,",
                        "          Recovered,",
                        "          Recovered_Change,",
                        "          Latitude,",
                        "          Longitude,",
                        "          ISO2,",
                        "          ISO3,",
                        "          Country_Region,",
                        "          load_time",
                        "     ),",
                        "     skipDuplicateMapInputs: true,",
                        "     skipDuplicateMapOutputs: true) ~> RecoveriesSelect",
                        "AzureCovidMetrics, SqlCovidMetrics union(byName: true)~> CasesUnion",
                        "CasesUnion select(mapColumn(",
                        "          ID,",
                        "          Updated,",
                        "          Confirmed,",
                        "          Confirmed_Change,",
                        "          Latitude,",
                        "          Longitude,",
                        "          ISO2,",
                        "          ISO3,",
                        "          Country_Region,",
                        "          load_time",
                        "     ),",
                        "     skipDuplicateMapInputs: true,",
                        "     skipDuplicateMapOutputs: true) ~> CasesSelect",
                        "AzureCovidMetrics, SqlCovidMetrics union(byName: true)~> DeathsUnion",
                        "DeathsUnion select(mapColumn(",
                        "          ID,",
                        "          Updated,",
                        "          Deaths,",
                        "          Deaths_Change,",
                        "          Latitude,",
                        "          Longitude,",
                        "          ISO3,",
                        "          Country_Region",
                        "     ),",
                        "     skipDuplicateMapInputs: true,",
                        "     skipDuplicateMapOutputs: true) ~> DeathsSelect",
                        "DeathsSelect derive(SID = concat(ISO3, toString(Updated))) ~> SIDdeaths",
                        "CasesSelect derive(SID = concat(ISO3, toString(Updated))) ~> SIDcases",
                        "RecoveriesSelect derive(SID = concat(ISO3, toString(Updated))) ~> SIDRecoveries",
                        "SIDRecoveries sink(allowSchemaDrift: true,",
                        "     validateSchema: false,",
                        "     input(",
                        "          Country as string,",
                        "          CountryCode as string,",
                        "          Latitude as decimal(10,5),",
                        "          Longitude as decimal(10,5)",
                        "     ),",
                        "     format: 'parquet',",
                        "     partitionFileNames:['recoveries.parquet'],",
                        "     umask: 0022,",
                        "     preCommands: [],",
                        "     postCommands: [],",
                        "     skipDuplicateMapInputs: true,",
                        "     skipDuplicateMapOutputs: true,",
                        "     partitionBy('hash', 1)) ~> Recoveries",
                        "SIDcases sink(allowSchemaDrift: true,",
                        "     validateSchema: false,",
                        "     input(",
                        "          Country as string,",
                        "          CountryCode as string,",
                        "          Latitude as decimal(10,5),",
                        "          Longitude as decimal(10,5)",
                        "     ),",
                        "     format: 'parquet',",
                        "     partitionFileNames:['cases.parquet'],",
                        "     umask: 0022,",
                        "     preCommands: [],",
                        "     postCommands: [],",
                        "     skipDuplicateMapInputs: true,",
                        "     skipDuplicateMapOutputs: true,",
                        "     partitionBy('hash', 1)) ~> Cases",
                        "SIDdeaths sink(allowSchemaDrift: true,",
                        "     validateSchema: false,",
                        "     format: 'parquet',",
                        "     partitionFileNames:['deaths.parquet'],",
                        "     umask: 0022,",
                        "     preCommands: [],",
                        "     postCommands: [],",
                        "     skipDuplicateMapInputs: true,",
                        "     skipDuplicateMapOutputs: true,",
                        "     partitionBy('hash', 1)) ~> Deaths"
                    ]
                }
            },
            "dependsOn": []
        },
        {
            "name": "[concat(parameters('factoryName'), '/OriginalDataCopyDataFlow')]",
            "type": "Microsoft.DataFactory/factories/dataflows",
            "apiVersion": "2018-06-01",
            "properties": {
                "type": "MappingDataFlow",
                "typeProperties": {
                    "sources": [
                        {
                            "dataset": {
                                "referenceName": "AzureSqlCountryParquet",
                                "type": "DatasetReference"
                            },
                            "name": "azurecountry"
                        },
                        {
                            "dataset": {
                                "referenceName": "AzureSqlDateParquet",
                                "type": "DatasetReference"
                            },
                            "name": "azuredate"
                        },
                        {
                            "dataset": {
                                "referenceName": "CosmosParquet",
                                "type": "DatasetReference"
                            },
                            "name": "cosmos"
                        }
                    ],
                    "sinks": [
                        {
                            "dataset": {
                                "referenceName": "countryParquet",
                                "type": "DatasetReference"
                            },
                            "name": "country"
                        },
                        {
                            "dataset": {
                                "referenceName": "datesParquet",
                                "type": "DatasetReference"
                            },
                            "name": "date"
                        },
                        {
                            "dataset": {
                                "referenceName": "policyparquet",
                                "type": "DatasetReference"
                            },
                            "name": "policy"
                        }
                    ],
                    "transformations": [
                        {
                            "name": "cast1"
                        },
                        {
                            "name": "derivedColumn1"
                        }
                    ],
                    "scriptLines": [
                        "source(output(",
                        "          Country as string,",
                        "          CountryCode as string,",
                        "          Latitude as decimal(10,5),",
                        "          Longitude as decimal(10,5)",
                        "     ),",
                        "     allowSchemaDrift: true,",
                        "     validateSchema: false,",
                        "     ignoreNoFilesFound: false,",
                        "     format: 'parquet') ~> azurecountry",
                        "source(output(",
                        "          DateKey as integer,",
                        "          FullDate as date,",
                        "          isWeekDay as boolean,",
                        "          DayOfWeek as integer,",
                        "          DayOfMonth as integer,",
                        "          DayOfQuarter as integer,",
                        "          DayOfYear as integer,",
                        "          DayName as string,",
                        "          WeekOfYear as integer,",
                        "          WeekName as string,",
                        "          MonthOfYear as integer,",
                        "          MonthName as string,",
                        "          CalendarQuarter as integer,",
                        "          CalendarQuarterName as string,",
                        "          CalendarYear as integer,",
                        "          FiscalMonth as integer,",
                        "          FiscalMonthName as string,",
                        "          FiscalQuarter as integer,",
                        "          FiscalQuarterName as string,",
                        "          FiscalYear as integer",
                        "     ),",
                        "     allowSchemaDrift: true,",
                        "     validateSchema: false,",
                        "     ignoreNoFilesFound: false,",
                        "     format: 'parquet') ~> azuredate",
                        "source(output(",
                        "          CountryName as string,",
                        "          CountryCode as string,",
                        "          RegionName as string,",
                        "          RegionCode as string,",
                        "          Jurisdiction as string,",
                        "          Date as string,",
                        "          C1_School_closing as double,",
                        "          C1_Flag as double,",
                        "          C2_Workplace_closing as double,",
                        "          C2_Flag as double,",
                        "          C3_Cancel_public_events as double,",
                        "          C3_Flag as double,",
                        "          C4_Restrictions_on_gatherings as double,",
                        "          C4_Flag as double,",
                        "          C5_Close_public_transport as double,",
                        "          C5_Flag as double,",
                        "          C6_Stay_at_home_requirements as double,",
                        "          C6_Flag as double,",
                        "          C7_Restrictions_on_internal_movement as double,",
                        "          C7_Flag as double,",
                        "          C8_International_travel_controls as double,",
                        "          E1_Income_support as double,",
                        "          E1_Flag as double,",
                        "          E2_Debt_contract_relief as double,",
                        "          E3_Fiscal_measures as double,",
                        "          E4_International_support as double,",
                        "          H1_Public_information_campaigns as double,",
                        "          H1_Flag as double,",
                        "          H2_Testing_policy as double,",
                        "          H3_Contact_tracing as double,",
                        "          H4_Emergency_investment_in_healthcare as double,",
                        "          H5_Investment_in_vaccines as double,",
                        "          H6_Facial_Coverings as double,",
                        "          H6_Flag as double,",
                        "          H7_Vaccination_policy as double,",
                        "          H7_Flag as double,",
                        "          H8_Protection_of_elderly_people as double,",
                        "          H8_Flag as double,",
                        "          M1_Wildcard as double,",
                        "          StringencyIndex as double,",
                        "          StringencyIndexForDisplay as double,",
                        "          StringencyLegacyIndex as double,",
                        "          StringencyLegacyIndexForDisplay as double,",
                        "          GovernmentResponseIndex as double,",
                        "          GovernmentResponseIndexForDisplay as double,",
                        "          ContainmentHealthIndex as double,",
                        "          ContainmentHealthIndexForDisplay as double,",
                        "          EconomicSupportIndex as double,",
                        "          EconomicSupportIndexForDisplay as double,",
                        "          id as string",
                        "     ),",
                        "     allowSchemaDrift: true,",
                        "     validateSchema: false,",
                        "     ignoreNoFilesFound: false,",
                        "     format: 'parquet') ~> cosmos",
                        "cosmos cast(output(",
                        "          Date as date 'MM/dd/yyyy'",
                        "     ),",
                        "     errors: true) ~> cast1",
                        "cast1 derive(SID = concat(CountryCode,toString(Date))) ~> derivedColumn1",
                        "azurecountry sink(allowSchemaDrift: true,",
                        "     validateSchema: false,",
                        "     input(",
                        "          ID as integer,",
                        "          Updated as date,",
                        "          Confirmed as integer,",
                        "          Confirmed_Change as integer,",
                        "          Latitude as decimal(10,5),",
                        "          Longitude as decimal(10,5),",
                        "          ISO2 as string,",
                        "          ISO3 as string,",
                        "          Country_Region as string,",
                        "          load_time as timestamp",
                        "     ),",
                        "     format: 'parquet',",
                        "     partitionFileNames:['country.parquet'],",
                        "     umask: 0022,",
                        "     preCommands: [],",
                        "     postCommands: [],",
                        "     skipDuplicateMapInputs: true,",
                        "     skipDuplicateMapOutputs: true,",
                        "     partitionBy('hash', 1)) ~> country",
                        "azuredate sink(allowSchemaDrift: true,",
                        "     validateSchema: false,",
                        "     input(",
                        "          ID as integer,",
                        "          Updated as date,",
                        "          Confirmed as integer,",
                        "          Confirmed_Change as integer,",
                        "          Latitude as decimal(10,5),",
                        "          Longitude as decimal(10,5),",
                        "          ISO2 as string,",
                        "          ISO3 as string,",
                        "          Country_Region as string,",
                        "          load_time as timestamp",
                        "     ),",
                        "     format: 'parquet',",
                        "     partitionFileNames:['dates.parquet'],",
                        "     umask: 0022,",
                        "     preCommands: [],",
                        "     postCommands: [],",
                        "     skipDuplicateMapInputs: true,",
                        "     skipDuplicateMapOutputs: true,",
                        "     partitionBy('hash', 1)) ~> date",
                        "derivedColumn1 sink(allowSchemaDrift: true,",
                        "     validateSchema: false,",
                        "     input(",
                        "          ID as integer,",
                        "          Updated as date,",
                        "          Confirmed as integer,",
                        "          Confirmed_Change as integer,",
                        "          Latitude as decimal(10,5),",
                        "          Longitude as decimal(10,5),",
                        "          ISO2 as string,",
                        "          ISO3 as string,",
                        "          Country_Region as string,",
                        "          load_time as timestamp",
                        "     ),",
                        "     format: 'parquet',",
                        "     partitionFileNames:['policy.parquet'],",
                        "     umask: 0022,",
                        "     preCommands: [],",
                        "     postCommands: [],",
                        "     skipDuplicateMapInputs: true,",
                        "     skipDuplicateMapOutputs: true,",
                        "     partitionBy('hash', 1)) ~> policy"
                    ]
                }
            },
            "dependsOn": [
                "[concat(variables('factoryId'), '/datasets/datesParquet')]",
                "[concat(variables('factoryId'), '/datasets/policyparquet')]"
            ]
        },
        {
            "name": "[concat(parameters('factoryName'), '/CovidMetricsPipeline')]",
            "type": "Microsoft.DataFactory/factories/pipelines",
            "apiVersion": "2018-06-01",
            "properties": {
                "activities": [
                    {
                        "name": "CovidMetricsDataflowPipline",
                        "type": "ExecuteDataFlow",
                        "dependsOn": [],
                        "policy": {
                            "timeout": "0.12:00:00",
                            "retry": 0,
                            "retryIntervalInSeconds": 30,
                            "secureOutput": false,
                            "secureInput": false
                        },
                        "userProperties": [],
                        "typeProperties": {
                            "dataflow": {
                                "referenceName": "CovidMetricsDataflow",
                                "type": "DataFlowReference",
                                "parameters": {},
                                "datasetParameters": {
                                    "AzureCovidMetrics": {},
                                    "SqlCovidMetrics": {},
                                    "Recoveries": {},
                                    "Cases": {},
                                    "Deaths": {}
                                }
                            },
                            "staging": {},
                            "compute": {
                                "coreCount": 8,
                                "computeType": "General"
                            },
                            "traceLevel": "Fine"
                        }
                    }
                ],
                "policy": {
                    "elapsedTimeMetric": {}
                },
                "annotations": []
            },
            "dependsOn": [
                "[concat(variables('factoryId'), '/dataflows/CovidMetricsDataflow')]"
            ]
        },
        {
            "name": "[concat(parameters('factoryName'), '/OriginalDataFlowCopy')]",
            "type": "Microsoft.DataFactory/factories/pipelines",
            "apiVersion": "2018-06-01",
            "properties": {
                "activities": [
                    {
                        "name": "OriginalDataCopy",
                        "type": "ExecuteDataFlow",
                        "dependsOn": [],
                        "policy": {
                            "timeout": "0.12:00:00",
                            "retry": 0,
                            "retryIntervalInSeconds": 30,
                            "secureOutput": false,
                            "secureInput": false
                        },
                        "userProperties": [],
                        "typeProperties": {
                            "dataflow": {
                                "referenceName": "OriginalDataCopyDataFlow",
                                "type": "DataFlowReference",
                                "parameters": {},
                                "datasetParameters": {
                                    "azurecountry": {},
                                    "azuredate": {},
                                    "cosmos": {},
                                    "country": {},
                                    "date": {},
                                    "policy": {}
                                }
                            },
                            "staging": {},
                            "compute": {
                                "coreCount": 8,
                                "computeType": "General"
                            },
                            "traceLevel": "Fine"
                        }
                    }
                ],
                "policy": {
                    "elapsedTimeMetric": {}
                },
                "annotations": []
            },
            "dependsOn": [
                "[concat(variables('factoryId'), '/dataflows/OriginalDataCopyDataFlow')]"
            ]
        },
        {
            "name": "[concat(parameters('factoryName'), '/SqlServerCountry')]",
            "type": "Microsoft.DataFactory/factories/pipelines",
            "apiVersion": "2018-06-01",
            "properties": {
                "activities": [
                    {
                        "name": "SQL Server Country Copy Data",
                        "type": "Copy",
                        "dependsOn": [],
                        "policy": {
                            "timeout": "0.12:00:00",
                            "retry": 0,
                            "retryIntervalInSeconds": 30,
                            "secureOutput": false,
                            "secureInput": false
                        },
                        "userProperties": [],
                        "typeProperties": {
                            "source": {
                                "type": "SqlServerSource",
                                "queryTimeout": "02:00:00",
                                "partitionOption": "None"
                            },
                            "sink": {
                                "type": "ParquetSink",
                                "storeSettings": {
                                    "type": "AzureBlobFSWriteSettings"
                                },
                                "formatSettings": {
                                    "type": "ParquetWriteSettings"
                                }
                            },
                            "enableStaging": false,
                            "translator": {
                                "type": "TabularTranslator",
                                "mappings": [
                                    {
                                        "source": {
                                            "name": "Country",
                                            "type": "String",
                                            "physicalType": "varchar"
                                        },
                                        "sink": {
                                            "name": "Country",
                                            "type": "String",
                                            "physicalType": "UTF8"
                                        }
                                    },
                                    {
                                        "source": {
                                            "name": "CountryCode",
                                            "type": "String",
                                            "physicalType": "varchar"
                                        },
                                        "sink": {
                                            "name": "CountryCode",
                                            "type": "String",
                                            "physicalType": "UTF8"
                                        }
                                    },
                                    {
                                        "source": {
                                            "name": "Latitude",
                                            "type": "Decimal",
                                            "physicalType": "decimal",
                                            "scale": 5,
                                            "precision": 10
                                        },
                                        "sink": {
                                            "name": "Latitude",
                                            "type": "Decimal",
                                            "physicalType": "DECIMAL"
                                        }
                                    },
                                    {
                                        "source": {
                                            "name": "Longitude",
                                            "type": "Decimal",
                                            "physicalType": "decimal",
                                            "scale": 5,
                                            "precision": 10
                                        },
                                        "sink": {
                                            "name": "Longitude",
                                            "type": "Decimal",
                                            "physicalType": "DECIMAL"
                                        }
                                    }
                                ],
                                "typeConversion": true,
                                "typeConversionSettings": {
                                    "allowDataTruncation": true,
                                    "treatBooleanAsNumber": false
                                }
                            }
                        },
                        "inputs": [
                            {
                                "referenceName": "SqlServerCountrySource",
                                "type": "DatasetReference",
                                "parameters": {}
                            }
                        ],
                        "outputs": [
                            {
                                "referenceName": "SqlServerCountryParquet",
                                "type": "DatasetReference",
                                "parameters": {}
                            }
                        ]
                    }
                ],
                "policy": {
                    "elapsedTimeMetric": {}
                },
                "annotations": [],
                "lastPublishTime": "2024-04-03T16:03:14Z"
            },
            "dependsOn": [
                "[concat(variables('factoryId'), '/datasets/SqlServerCountrySource')]",
                "[concat(variables('factoryId'), '/datasets/SqlServerCountryParquet')]"
            ]
        },
        {
            "name": "[concat(parameters('factoryName'), '/SqlServerCovid_Metrics')]",
            "type": "Microsoft.DataFactory/factories/pipelines",
            "apiVersion": "2018-06-01",
            "properties": {
                "activities": [
                    {
                        "name": "SQL Server Covid_Metrics Copy Data",
                        "type": "Copy",
                        "dependsOn": [],
                        "policy": {
                            "timeout": "0.12:00:00",
                            "retry": 0,
                            "retryIntervalInSeconds": 30,
                            "secureOutput": false,
                            "secureInput": false
                        },
                        "userProperties": [],
                        "typeProperties": {
                            "source": {
                                "type": "SqlServerSource",
                                "queryTimeout": "02:00:00",
                                "partitionOption": "None"
                            },
                            "sink": {
                                "type": "ParquetSink",
                                "storeSettings": {
                                    "type": "AzureBlobFSWriteSettings"
                                },
                                "formatSettings": {
                                    "type": "ParquetWriteSettings"
                                }
                            },
                            "enableStaging": false,
                            "translator": {
                                "type": "TabularTranslator",
                                "typeConversion": true,
                                "typeConversionSettings": {
                                    "allowDataTruncation": true,
                                    "treatBooleanAsNumber": false
                                }
                            }
                        },
                        "inputs": [
                            {
                                "referenceName": "SqlServerCovid_MetricsSource",
                                "type": "DatasetReference",
                                "parameters": {}
                            }
                        ],
                        "outputs": [
                            {
                                "referenceName": "SqlServerCovid_MetricsParquet",
                                "type": "DatasetReference",
                                "parameters": {}
                            }
                        ]
                    }
                ],
                "policy": {
                    "elapsedTimeMetric": {}
                },
                "annotations": [],
                "lastPublishTime": "2024-04-03T02:52:54Z"
            },
            "dependsOn": [
                "[concat(variables('factoryId'), '/datasets/SqlServerCovid_MetricsSource')]"
            ]
        },
        {
            "name": "[concat(parameters('factoryName'), '/SqlServerDate')]",
            "type": "Microsoft.DataFactory/factories/pipelines",
            "apiVersion": "2018-06-01",
            "properties": {
                "activities": [
                    {
                        "name": "SQL Server Dates Copy Data",
                        "type": "Copy",
                        "dependsOn": [],
                        "policy": {
                            "timeout": "0.12:00:00",
                            "retry": 0,
                            "retryIntervalInSeconds": 30,
                            "secureOutput": false,
                            "secureInput": false
                        },
                        "userProperties": [],
                        "typeProperties": {
                            "source": {
                                "type": "SqlServerSource",
                                "queryTimeout": "02:00:00",
                                "partitionOption": "None"
                            },
                            "sink": {
                                "type": "ParquetSink",
                                "storeSettings": {
                                    "type": "AzureBlobFSWriteSettings"
                                },
                                "formatSettings": {
                                    "type": "ParquetWriteSettings"
                                }
                            },
                            "enableStaging": false,
                            "translator": {
                                "type": "TabularTranslator",
                                "typeConversion": true,
                                "typeConversionSettings": {
                                    "allowDataTruncation": true,
                                    "treatBooleanAsNumber": false
                                }
                            }
                        },
                        "inputs": [
                            {
                                "referenceName": "SqlServerDateSource",
                                "type": "DatasetReference",
                                "parameters": {}
                            }
                        ],
                        "outputs": [
                            {
                                "referenceName": "SqlServerDateParquet",
                                "type": "DatasetReference",
                                "parameters": {}
                            }
                        ]
                    }
                ],
                "policy": {
                    "elapsedTimeMetric": {}
                },
                "annotations": [],
                "lastPublishTime": "2024-04-03T02:52:54Z"
            },
            "dependsOn": [
                "[concat(variables('factoryId'), '/datasets/SqlServerDateSource')]",
                "[concat(variables('factoryId'), '/datasets/SqlServerDateParquet')]"
            ]
        }
    ]
}